<pkg:metadata xmlns:pkg="http://marklogic.com/manage/package"><pkg:package-version>2.0</pkg:package-version><user xmlns="http://marklogic.com/manage/package">admin</user><group xmlns="http://marklogic.com/manage/package">Default</group><host xmlns="http://marklogic.com/manage/package">engrlab-128-048.engrlab.marklogic.com</host><timestamp xmlns="http://marklogic.com/manage/package">2014-10-01T11:44:05.371346-07:00</timestamp><platform xmlns="http://marklogic.com/manage/package">linux</platform></pkg:metadata>